[{"model": "contenttypes.contenttype", "pk": 1, "fields": {"app_label": "admin", "model": "logentry"}}, {"model": "contenttypes.contenttype", "pk": 2, "fields": {"app_label": "auth", "model": "permission"}}, {"model": "contenttypes.contenttype", "pk": 3, "fields": {"app_label": "auth", "model": "group"}}, {"model": "contenttypes.contenttype", "pk": 4, "fields": {"app_label": "auth", "model": "user"}}, {"model": "contenttypes.contenttype", "pk": 5, "fields": {"app_label": "contenttypes", "model": "contenttype"}}, {"model": "contenttypes.contenttype", "pk": 6, "fields": {"app_label": "sessions", "model": "session"}}, {"model": "contenttypes.contenttype", "pk": 7, "fields": {"app_label": "blog", "model": "blog"}}, {"model": "contenttypes.contenttype", "pk": 8, "fields": {"app_label": "blog", "model": "blogtype"}}, {"model": "contenttypes.contenttype", "pk": 9, "fields": {"app_label": "read_statistic", "model": "readnum"}}, {"model": "contenttypes.contenttype", "pk": 10, "fields": {"app_label": "read_statistic", "model": "readdetail"}}, {"model": "contenttypes.contenttype", "pk": 11, "fields": {"app_label": "comment", "model": "comment"}}, {"model": "contenttypes.contenttype", "pk": 12, "fields": {"app_label": "history", "model": "readhistory"}}, {"model": "sessions.session", "pk": "29w1q2js0morny9i0f2a5pyvvl7wgjjv", "fields": {"session_data": "MzBlOGU0MjAyN2YwMDFhOTNhODE2YTZlZGU1MDAzODY2ZDE3MTU1MTp7Il9hdXRoX3VzZXJfaWQiOiIxIiwiX2F1dGhfdXNlcl9iYWNrZW5kIjoiZGphbmdvLmNvbnRyaWIuYXV0aC5iYWNrZW5kcy5Nb2RlbEJhY2tlbmQiLCJfYXV0aF91c2VyX2hhc2giOiJkNDkyMzBjNTFkNzZjNDQyZmU2Yjg5MGZlNGI3M2Y2MmQ2ZjQ1ZmU0In0=", "expire_date": "2019-03-17T07:11:40.686Z"}}, {"model": "sessions.session", "pk": "2iyyy1uz5t1bnk2ltigc1044l8ai9e26", "fields": {"session_data": "MzBlOGU0MjAyN2YwMDFhOTNhODE2YTZlZGU1MDAzODY2ZDE3MTU1MTp7Il9hdXRoX3VzZXJfaWQiOiIxIiwiX2F1dGhfdXNlcl9iYWNrZW5kIjoiZGphbmdvLmNvbnRyaWIuYXV0aC5iYWNrZW5kcy5Nb2RlbEJhY2tlbmQiLCJfYXV0aF91c2VyX2hhc2giOiJkNDkyMzBjNTFkNzZjNDQyZmU2Yjg5MGZlNGI3M2Y2MmQ2ZjQ1ZmU0In0=", "expire_date": "2019-03-03T08:29:33.196Z"}}, {"model": "sessions.session", "pk": "2uakcgrhudlnkh7l88vl6qva2a7uvpj5", "fields": {"session_data": "MzBlOGU0MjAyN2YwMDFhOTNhODE2YTZlZGU1MDAzODY2ZDE3MTU1MTp7Il9hdXRoX3VzZXJfaWQiOiIxIiwiX2F1dGhfdXNlcl9iYWNrZW5kIjoiZGphbmdvLmNvbnRyaWIuYXV0aC5iYWNrZW5kcy5Nb2RlbEJhY2tlbmQiLCJfYXV0aF91c2VyX2hhc2giOiJkNDkyMzBjNTFkNzZjNDQyZmU2Yjg5MGZlNGI3M2Y2MmQ2ZjQ1ZmU0In0=", "expire_date": "2019-02-14T08:19:03.900Z"}}, {"model": "sessions.session", "pk": "37idh8h00oy67s5ayncjn68iahnfd0a1", "fields": {"session_data": "NDNkYWY0YzNhNTRiZjRmYjE3YTFmMzQ5M2JmNmE1ZjIwODc0MWQ1NTp7fQ==", "expire_date": "2019-03-12T12:57:51.482Z"}}, {"model": "sessions.session", "pk": "4iaz2ppf1vwisjam05821owf2tjxiccj", "fields": {"session_data": "MzBlOGU0MjAyN2YwMDFhOTNhODE2YTZlZGU1MDAzODY2ZDE3MTU1MTp7Il9hdXRoX3VzZXJfaWQiOiIxIiwiX2F1dGhfdXNlcl9iYWNrZW5kIjoiZGphbmdvLmNvbnRyaWIuYXV0aC5iYWNrZW5kcy5Nb2RlbEJhY2tlbmQiLCJfYXV0aF91c2VyX2hhc2giOiJkNDkyMzBjNTFkNzZjNDQyZmU2Yjg5MGZlNGI3M2Y2MmQ2ZjQ1ZmU0In0=", "expire_date": "2019-04-13T19:45:52.528Z"}}, {"model": "sessions.session", "pk": "53l923wyxjgvawtpxp7kvduvj5488n48", "fields": {"session_data": "MzBlOGU0MjAyN2YwMDFhOTNhODE2YTZlZGU1MDAzODY2ZDE3MTU1MTp7Il9hdXRoX3VzZXJfaWQiOiIxIiwiX2F1dGhfdXNlcl9iYWNrZW5kIjoiZGphbmdvLmNvbnRyaWIuYXV0aC5iYWNrZW5kcy5Nb2RlbEJhY2tlbmQiLCJfYXV0aF91c2VyX2hhc2giOiJkNDkyMzBjNTFkNzZjNDQyZmU2Yjg5MGZlNGI3M2Y2MmQ2ZjQ1ZmU0In0=", "expire_date": "2019-03-16T10:19:55.968Z"}}, {"model": "sessions.session", "pk": "58idzy09iugypbio0wsrwv2ycn46y0ph", "fields": {"session_data": "NDNkYWY0YzNhNTRiZjRmYjE3YTFmMzQ5M2JmNmE1ZjIwODc0MWQ1NTp7fQ==", "expire_date": "2019-03-13T03:28:06.149Z"}}, {"model": "sessions.session", "pk": "5rfr0mspi9h79viug25ubambmkte206u", "fields": {"session_data": "NDNkYWY0YzNhNTRiZjRmYjE3YTFmMzQ5M2JmNmE1ZjIwODc0MWQ1NTp7fQ==", "expire_date": "2019-03-12T11:43:59.443Z"}}, {"model": "sessions.session", "pk": "5zh9v4pp8z7ctbj9hmf0zokp5zv54b7m", "fields": {"session_data": "NDNkYWY0YzNhNTRiZjRmYjE3YTFmMzQ5M2JmNmE1ZjIwODc0MWQ1NTp7fQ==", "expire_date": "2019-03-12T12:59:47.208Z"}}, {"model": "sessions.session", "pk": "78po1wzk1ffc5gwi2l01aiz6aubmrrsn", "fields": {"session_data": "MzBlOGU0MjAyN2YwMDFhOTNhODE2YTZlZGU1MDAzODY2ZDE3MTU1MTp7Il9hdXRoX3VzZXJfaWQiOiIxIiwiX2F1dGhfdXNlcl9iYWNrZW5kIjoiZGphbmdvLmNvbnRyaWIuYXV0aC5iYWNrZW5kcy5Nb2RlbEJhY2tlbmQiLCJfYXV0aF91c2VyX2hhc2giOiJkNDkyMzBjNTFkNzZjNDQyZmU2Yjg5MGZlNGI3M2Y2MmQ2ZjQ1ZmU0In0=", "expire_date": "2019-02-24T07:29:02.720Z"}}, {"model": "sessions.session", "pk": "ewik5kzb6lueet7krpagc3koiukvjrok", "fields": {"session_data": "NDNkYWY0YzNhNTRiZjRmYjE3YTFmMzQ5M2JmNmE1ZjIwODc0MWQ1NTp7fQ==", "expire_date": "2019-03-12T11:43:26.102Z"}}, {"model": "sessions.session", "pk": "f4iscmfjh3eetdqigeomdell5leojarx", "fields": {"session_data": "MzBlOGU0MjAyN2YwMDFhOTNhODE2YTZlZGU1MDAzODY2ZDE3MTU1MTp7Il9hdXRoX3VzZXJfaWQiOiIxIiwiX2F1dGhfdXNlcl9iYWNrZW5kIjoiZGphbmdvLmNvbnRyaWIuYXV0aC5iYWNrZW5kcy5Nb2RlbEJhY2tlbmQiLCJfYXV0aF91c2VyX2hhc2giOiJkNDkyMzBjNTFkNzZjNDQyZmU2Yjg5MGZlNGI3M2Y2MmQ2ZjQ1ZmU0In0=", "expire_date": "2019-03-13T06:31:19.582Z"}}, {"model": "sessions.session", "pk": "jfm9u624evov9uhihjg84becxnkit2u9", "fields": {"session_data": "NDNkYWY0YzNhNTRiZjRmYjE3YTFmMzQ5M2JmNmE1ZjIwODc0MWQ1NTp7fQ==", "expire_date": "2019-03-12T11:45:02.032Z"}}, {"model": "sessions.session", "pk": "nz4usbsa7xb8s5g1nqw6torf6wmv4dqe", "fields": {"session_data": "NDNkYWY0YzNhNTRiZjRmYjE3YTFmMzQ5M2JmNmE1ZjIwODc0MWQ1NTp7fQ==", "expire_date": "2019-03-12T12:57:38.090Z"}}, {"model": "sessions.session", "pk": "tudgffdimlfxpf608xwj5f9bwhigqtqr", "fields": {"session_data": "NDNkYWY0YzNhNTRiZjRmYjE3YTFmMzQ5M2JmNmE1ZjIwODc0MWQ1NTp7fQ==", "expire_date": "2019-03-12T11:46:31.856Z"}}, {"model": "sessions.session", "pk": "tuqsgp8okr7tgb4fa79rt7455g4r6s7z", "fields": {"session_data": "NDNkYWY0YzNhNTRiZjRmYjE3YTFmMzQ5M2JmNmE1ZjIwODc0MWQ1NTp7fQ==", "expire_date": "2019-03-12T11:47:38.444Z"}}, {"model": "sessions.session", "pk": "u6at6ai79fbte0mkie3cai2jbhkwjojj", "fields": {"session_data": "MzBlOGU0MjAyN2YwMDFhOTNhODE2YTZlZGU1MDAzODY2ZDE3MTU1MTp7Il9hdXRoX3VzZXJfaWQiOiIxIiwiX2F1dGhfdXNlcl9iYWNrZW5kIjoiZGphbmdvLmNvbnRyaWIuYXV0aC5iYWNrZW5kcy5Nb2RlbEJhY2tlbmQiLCJfYXV0aF91c2VyX2hhc2giOiJkNDkyMzBjNTFkNzZjNDQyZmU2Yjg5MGZlNGI3M2Y2MmQ2ZjQ1ZmU0In0=", "expire_date": "2019-02-14T10:38:44.780Z"}}, {"model": "sessions.session", "pk": "vgpie1wee31oac2xytqw2my17r18faaa", "fields": {"session_data": "NDNkYWY0YzNhNTRiZjRmYjE3YTFmMzQ5M2JmNmE1ZjIwODc0MWQ1NTp7fQ==", "expire_date": "2019-03-12T12:59:33.152Z"}}, {"model": "sessions.session", "pk": "wmd8zlz0qsjrtc4qp2gircszbozjdz5t", "fields": {"session_data": "NDNkYWY0YzNhNTRiZjRmYjE3YTFmMzQ5M2JmNmE1ZjIwODc0MWQ1NTp7fQ==", "expire_date": "2019-03-12T12:59:09.509Z"}}, {"model": "sessions.session", "pk": "xlfs9vr5j7ocgye9lx84oauetoiei92m", "fields": {"session_data": "MzBlOGU0MjAyN2YwMDFhOTNhODE2YTZlZGU1MDAzODY2ZDE3MTU1MTp7Il9hdXRoX3VzZXJfaWQiOiIxIiwiX2F1dGhfdXNlcl9iYWNrZW5kIjoiZGphbmdvLmNvbnRyaWIuYXV0aC5iYWNrZW5kcy5Nb2RlbEJhY2tlbmQiLCJfYXV0aF91c2VyX2hhc2giOiJkNDkyMzBjNTFkNzZjNDQyZmU2Yjg5MGZlNGI3M2Y2MmQ2ZjQ1ZmU0In0=", "expire_date": "2019-03-10T13:38:58.668Z"}}, {"model": "blog.blogtype", "pk": 1, "fields": {"type_name": "python"}}, {"model": "blog.blogtype", "pk": 2, "fields": {"type_name": "\u6bd2\u9e21\u6c64"}}, {"model": "read_statistic.readnum", "pk": 13, "fields": {"read_num": 19, "content_type": 7, "object_id": 13}}, {"model": "read_statistic.readnum", "pk": 14, "fields": {"read_num": 4, "content_type": 7, "object_id": 11}}, {"model": "read_statistic.readnum", "pk": 15, "fields": {"read_num": 2, "content_type": 7, "object_id": 10}}, {"model": "read_statistic.readnum", "pk": 16, "fields": {"read_num": 6, "content_type": 7, "object_id": 12}}, {"model": "read_statistic.readnum", "pk": 17, "fields": {"read_num": 1, "content_type": 7, "object_id": 8}}, {"model": "read_statistic.readnum", "pk": 18, "fields": {"read_num": 1, "content_type": 7, "object_id": 9}}, {"model": "read_statistic.readdetail", "pk": 1, "fields": {"read_date": "2019-02-17", "read_num": 1, "content_type": 7, "object_id": 10}}, {"model": "read_statistic.readdetail", "pk": 2, "fields": {"read_date": "2019-02-19", "read_num": 2, "content_type": 7, "object_id": 13}}, {"model": "read_statistic.readdetail", "pk": 3, "fields": {"read_date": "2019-02-19", "read_num": 1, "content_type": 7, "object_id": 11}}, {"model": "read_statistic.readdetail", "pk": 4, "fields": {"read_date": "2019-02-19", "read_num": 1, "content_type": 7, "object_id": 10}}, {"model": "read_statistic.readdetail", "pk": 5, "fields": {"read_date": "2019-02-21", "read_num": 1, "content_type": 7, "object_id": 13}}, {"model": "read_statistic.readdetail", "pk": 6, "fields": {"read_date": "2019-02-22", "read_num": 2, "content_type": 7, "object_id": 11}}, {"model": "read_statistic.readdetail", "pk": 7, "fields": {"read_date": "2019-02-22", "read_num": 2, "content_type": 7, "object_id": 13}}, {"model": "read_statistic.readdetail", "pk": 8, "fields": {"read_date": "2019-02-22", "read_num": 1, "content_type": 7, "object_id": 12}}, {"model": "read_statistic.readdetail", "pk": 9, "fields": {"read_date": "2019-02-23", "read_num": 2, "content_type": 7, "object_id": 13}}, {"model": "read_statistic.readdetail", "pk": 10, "fields": {"read_date": "2019-02-24", "read_num": 3, "content_type": 7, "object_id": 13}}, {"model": "read_statistic.readdetail", "pk": 11, "fields": {"read_date": "2019-02-24", "read_num": 1, "content_type": 7, "object_id": 12}}, {"model": "read_statistic.readdetail", "pk": 12, "fields": {"read_date": "2019-02-26", "read_num": 1, "content_type": 7, "object_id": 13}}, {"model": "read_statistic.readdetail", "pk": 13, "fields": {"read_date": "2019-02-27", "read_num": 2, "content_type": 7, "object_id": 12}}, {"model": "read_statistic.readdetail", "pk": 14, "fields": {"read_date": "2019-02-27", "read_num": 2, "content_type": 7, "object_id": 13}}, {"model": "read_statistic.readdetail", "pk": 15, "fields": {"read_date": "2019-02-28", "read_num": 1, "content_type": 7, "object_id": 13}}, {"model": "read_statistic.readdetail", "pk": 16, "fields": {"read_date": "2019-03-01", "read_num": 1, "content_type": 7, "object_id": 8}}, {"model": "read_statistic.readdetail", "pk": 17, "fields": {"read_date": "2019-03-02", "read_num": 1, "content_type": 7, "object_id": 13}}, {"model": "read_statistic.readdetail", "pk": 18, "fields": {"read_date": "2019-03-02", "read_num": 2, "content_type": 7, "object_id": 12}}, {"model": "read_statistic.readdetail", "pk": 19, "fields": {"read_date": "2019-03-03", "read_num": 2, "content_type": 7, "object_id": 13}}, {"model": "read_statistic.readdetail", "pk": 20, "fields": {"read_date": "2019-03-03", "read_num": 1, "content_type": 7, "object_id": 9}}, {"model": "read_statistic.readdetail", "pk": 21, "fields": {"read_date": "2019-03-06", "read_num": 1, "content_type": 7, "object_id": 13}}, {"model": "auth.permission", "pk": 1, "fields": {"name": "Can add log entry", "content_type": 1, "codename": "add_logentry"}}, {"model": "auth.permission", "pk": 2, "fields": {"name": "Can change log entry", "content_type": 1, "codename": "change_logentry"}}, {"model": "auth.permission", "pk": 3, "fields": {"name": "Can delete log entry", "content_type": 1, "codename": "delete_logentry"}}, {"model": "auth.permission", "pk": 4, "fields": {"name": "Can view log entry", "content_type": 1, "codename": "view_logentry"}}, {"model": "auth.permission", "pk": 5, "fields": {"name": "Can add permission", "content_type": 2, "codename": "add_permission"}}, {"model": "auth.permission", "pk": 6, "fields": {"name": "Can change permission", "content_type": 2, "codename": "change_permission"}}, {"model": "auth.permission", "pk": 7, "fields": {"name": "Can delete permission", "content_type": 2, "codename": "delete_permission"}}, {"model": "auth.permission", "pk": 8, "fields": {"name": "Can view permission", "content_type": 2, "codename": "view_permission"}}, {"model": "auth.permission", "pk": 9, "fields": {"name": "Can add group", "content_type": 3, "codename": "add_group"}}, {"model": "auth.permission", "pk": 10, "fields": {"name": "Can change group", "content_type": 3, "codename": "change_group"}}, {"model": "auth.permission", "pk": 11, "fields": {"name": "Can delete group", "content_type": 3, "codename": "delete_group"}}, {"model": "auth.permission", "pk": 12, "fields": {"name": "Can view group", "content_type": 3, "codename": "view_group"}}, {"model": "auth.permission", "pk": 13, "fields": {"name": "Can add user", "content_type": 4, "codename": "add_user"}}, {"model": "auth.permission", "pk": 14, "fields": {"name": "Can change user", "content_type": 4, "codename": "change_user"}}, {"model": "auth.permission", "pk": 15, "fields": {"name": "Can delete user", "content_type": 4, "codename": "delete_user"}}, {"model": "auth.permission", "pk": 16, "fields": {"name": "Can view user", "content_type": 4, "codename": "view_user"}}, {"model": "auth.permission", "pk": 17, "fields": {"name": "Can add content type", "content_type": 5, "codename": "add_contenttype"}}, {"model": "auth.permission", "pk": 18, "fields": {"name": "Can change content type", "content_type": 5, "codename": "change_contenttype"}}, {"model": "auth.permission", "pk": 19, "fields": {"name": "Can delete content type", "content_type": 5, "codename": "delete_contenttype"}}, {"model": "auth.permission", "pk": 20, "fields": {"name": "Can view content type", "content_type": 5, "codename": "view_contenttype"}}, {"model": "auth.permission", "pk": 21, "fields": {"name": "Can add session", "content_type": 6, "codename": "add_session"}}, {"model": "auth.permission", "pk": 22, "fields": {"name": "Can change session", "content_type": 6, "codename": "change_session"}}, {"model": "auth.permission", "pk": 23, "fields": {"name": "Can delete session", "content_type": 6, "codename": "delete_session"}}, {"model": "auth.permission", "pk": 24, "fields": {"name": "Can view session", "content_type": 6, "codename": "view_session"}}, {"model": "auth.permission", "pk": 25, "fields": {"name": "Can add blog", "content_type": 7, "codename": "add_blog"}}, {"model": "auth.permission", "pk": 26, "fields": {"name": "Can change blog", "content_type": 7, "codename": "change_blog"}}, {"model": "auth.permission", "pk": 27, "fields": {"name": "Can delete blog", "content_type": 7, "codename": "delete_blog"}}, {"model": "auth.permission", "pk": 28, "fields": {"name": "Can view blog", "content_type": 7, "codename": "view_blog"}}, {"model": "auth.permission", "pk": 29, "fields": {"name": "Can add blog type", "content_type": 8, "codename": "add_blogtype"}}, {"model": "auth.permission", "pk": 30, "fields": {"name": "Can change blog type", "content_type": 8, "codename": "change_blogtype"}}, {"model": "auth.permission", "pk": 31, "fields": {"name": "Can delete blog type", "content_type": 8, "codename": "delete_blogtype"}}, {"model": "auth.permission", "pk": 32, "fields": {"name": "Can view blog type", "content_type": 8, "codename": "view_blogtype"}}, {"model": "auth.permission", "pk": 33, "fields": {"name": "Can add read num", "content_type": 9, "codename": "add_readnum"}}, {"model": "auth.permission", "pk": 34, "fields": {"name": "Can change read num", "content_type": 9, "codename": "change_readnum"}}, {"model": "auth.permission", "pk": 35, "fields": {"name": "Can delete read num", "content_type": 9, "codename": "delete_readnum"}}, {"model": "auth.permission", "pk": 36, "fields": {"name": "Can view read num", "content_type": 9, "codename": "view_readnum"}}, {"model": "auth.permission", "pk": 37, "fields": {"name": "Can add read detail", "content_type": 10, "codename": "add_readdetail"}}, {"model": "auth.permission", "pk": 38, "fields": {"name": "Can change read detail", "content_type": 10, "codename": "change_readdetail"}}, {"model": "auth.permission", "pk": 39, "fields": {"name": "Can delete read detail", "content_type": 10, "codename": "delete_readdetail"}}, {"model": "auth.permission", "pk": 40, "fields": {"name": "Can view read detail", "content_type": 10, "codename": "view_readdetail"}}, {"model": "auth.permission", "pk": 41, "fields": {"name": "Can add comment", "content_type": 11, "codename": "add_comment"}}, {"model": "auth.permission", "pk": 42, "fields": {"name": "Can change comment", "content_type": 11, "codename": "change_comment"}}, {"model": "auth.permission", "pk": 43, "fields": {"name": "Can delete comment", "content_type": 11, "codename": "delete_comment"}}, {"model": "auth.permission", "pk": 44, "fields": {"name": "Can view comment", "content_type": 11, "codename": "view_comment"}}, {"model": "auth.permission", "pk": 45, "fields": {"name": "Can add read history", "content_type": 12, "codename": "add_readhistory"}}, {"model": "auth.permission", "pk": 46, "fields": {"name": "Can change read history", "content_type": 12, "codename": "change_readhistory"}}, {"model": "auth.permission", "pk": 47, "fields": {"name": "Can delete read history", "content_type": 12, "codename": "delete_readhistory"}}, {"model": "auth.permission", "pk": 48, "fields": {"name": "Can view read history", "content_type": 12, "codename": "view_readhistory"}}, {"model": "auth.user", "pk": 1, "fields": {"password": "pbkdf2_sha256$120000$bBAADOI6J731$vtVTS54h86PPrBbUgxibdcPOSdTgW36xwQ27jVCOuqo=", "last_login": "2019-03-30T19:54:30.736Z", "is_superuser": true, "username": "GentleCP", "first_name": "", "last_name": "", "email": "574881148@qq.com", "is_staff": true, "is_active": true, "date_joined": "2019-01-31T08:17:55.367Z", "groups": [], "user_permissions": []}}, {"model": "auth.user", "pk": 2, "fields": {"password": "pbkdf2_sha256$120000$klxvIoOPMIda$4JzdQ3nStnZuPUdRLo3yHEbqHz8oJZcv6sQKE6H+Y5o=", "last_login": "2019-03-01T13:10:29.173Z", "is_superuser": false, "username": "SmartCP", "first_name": "", "last_name": "", "email": "1@qq.com", "is_staff": false, "is_active": true, "date_joined": "2019-02-27T03:18:42.775Z", "groups": [], "user_permissions": []}}, {"model": "blog.blog", "pk": 3, "fields": {"title": "\u7b2c\u4e00\u7bc7\u535a\u5ba2", "blog_type": 1, "author": 1, "content": "<p><img alt=\"\" src=\"/media/upload/2019/02/11/touxiang_bpc87sx.jpg\" style=\"height:180px; width:180px\" />\u554a\u6c34\u6c34\u6c34\u6c34\u6c34\u6c34\u6c34\u6c34\u6c34\u6c34\u6c34\u6c34\u6c34\u6c34\u6c34\u6c34\u6c34\u6c34\u554a\u6c34\u6c34\u6c34\u6c34\u6c34\u6c34\u6c34\u6c34\u6c34\u6c34\u6c34\u6c34\u6c34\u6c34\u6c34\u6c34\u6c34\u6c34\u554a\u6c34\u6c34\u6c34\u6c34\u6c34\u6c34\u6c34\u6c34\u6c34\u6c34\u6c34\u6c34\u6c34\u6c34\u6c34\u6c34\u6c34\u6c34\u554a\u6c34\u6c34\u6c34\u6c34\u6c34\u6c34\u6c34\u6c34\u6c34\u6c34\u6c34\u6c34\u6c34\u6c34\u6c34\u6c34\u6c34\u6c34\u554a\u6c34\u6c34\u6c34\u6c34\u6c34\u6c34\u6c34\u6c34\u6c34\u6c34\u6c34\u6c34\u6c34\u6c34\u6c34\u6c34\u6c34\u6c34\u554a\u6c34\u6c34\u6c34\u6c34\u6c34\u6c34\u6c34\u6c34\u6c34\u6c34\u6c34\u6c34\u6c34\u6c34\u6c34\u6c34\u6c34\u6c34\u554a\u6c34\u6c34\u6c34\u6c34\u6c34\u6c34\u6c34\u6c34\u6c34\u6c34\u6c34\u6c34\u6c34\u6c34\u6c34\u6c34\u6c34\u6c34\u554a\u6c34\u6c34\u6c34\u6c34\u6c34\u6c34\u6c34\u6c34\u6c34\u6c34\u6c34\u6c34\u6c34\u6c34\u6c34\u6c34\u6c34\u6c34</p>", "created_time": "2019-01-31T12:11:57.567Z", "last_modified_time": "2019-02-11T03:56:24.891Z"}}, {"model": "blog.blog", "pk": 4, "fields": {"title": "\u7b2c\u4e8c\u7bc7\u535a\u5ba2", "blog_type": 2, "author": 1, "content": "![PyCharm\u521b\u5efa\u4e00\u4e2aDjango\u9879\u76ee](https://img-blog.csdnimg.cn/20190128162501996.png?x-oss-process=image/watermark,type_ZmFuZ3poZW5naGVpdGk,shadow_10,text_aHR0cHM6Ly9ibG9nLmNzZG4ubmV0L0dlbnRsZUNQ,size_16,color_FFFFFF,t_70)\r\n**\u54c8\u54c8\u54c8\u54c8**\r\n# \u65f6\u95f4\u53d1\u8d27:", "created_time": "2019-02-03T03:04:55.293Z", "last_modified_time": "2019-02-11T10:44:55.487Z"}}, {"model": "blog.blog", "pk": 5, "fields": {"title": "3", "blog_type": 1, "author": 1, "content": "3", "created_time": "2019-02-03T13:45:35.048Z", "last_modified_time": "2019-02-03T13:45:35.048Z"}}, {"model": "blog.blog", "pk": 6, "fields": {"title": "4", "blog_type": 1, "author": 1, "content": "4", "created_time": "2019-02-03T13:45:47.475Z", "last_modified_time": "2019-02-03T13:45:47.475Z"}}, {"model": "blog.blog", "pk": 7, "fields": {"title": "5", "blog_type": 1, "author": 1, "content": "5", "created_time": "2019-02-03T13:45:54.591Z", "last_modified_time": "2019-02-03T13:45:54.591Z"}}, {"model": "blog.blog", "pk": 8, "fields": {"title": "6", "blog_type": 1, "author": 1, "content": "6", "created_time": "2019-02-03T13:45:59.900Z", "last_modified_time": "2019-02-03T13:45:59.900Z"}}, {"model": "blog.blog", "pk": 9, "fields": {"title": "7", "blog_type": 2, "author": 1, "content": "7", "created_time": "2019-02-03T13:46:07.284Z", "last_modified_time": "2019-02-03T13:46:07.285Z"}}, {"model": "blog.blog", "pk": 10, "fields": {"title": "8", "blog_type": 2, "author": 1, "content": "8", "created_time": "2019-02-03T13:46:13.412Z", "last_modified_time": "2019-02-03T13:46:13.412Z"}}, {"model": "blog.blog", "pk": 11, "fields": {"title": "9", "blog_type": 1, "author": 1, "content": "9", "created_time": "2019-02-03T13:46:18.403Z", "last_modified_time": "2019-02-03T13:46:18.403Z"}}, {"model": "blog.blog", "pk": 12, "fields": {"title": "10", "blog_type": 1, "author": 1, "content": "10", "created_time": "2019-02-03T13:46:24.309Z", "last_modified_time": "2019-02-03T13:46:24.309Z"}}, {"model": "blog.blog", "pk": 13, "fields": {"title": "11", "blog_type": 2, "author": 1, "content": "11", "created_time": "2019-02-03T13:46:30.690Z", "last_modified_time": "2019-02-03T13:46:30.690Z"}}, {"model": "comment.comment", "pk": 82, "fields": {"content_type": 7, "object_id": 13, "content": "<p>\u7b2c\u4e00\u6761\u8bc4\u8bba</p>", "user": 1, "created_time": "2019-03-04T01:12:14.484Z", "root": null, "parent": null, "to_user": null}}, {"model": "comment.comment", "pk": 83, "fields": {"content_type": 7, "object_id": 13, "content": "<p>\u7b2c\u4e8c\u6761\u8bc4\u8bba</p>", "user": 1, "created_time": "2019-03-04T01:12:34.869Z", "root": null, "parent": null, "to_user": null}}, {"model": "comment.comment", "pk": 84, "fields": {"content_type": 7, "object_id": 13, "content": "<p>\u591a\u4e2a</p>", "user": 1, "created_time": "2019-03-04T01:14:29.643Z", "root": null, "parent": null, "to_user": null}}, {"model": "comment.comment", "pk": 85, "fields": {"content_type": 7, "object_id": 13, "content": "<p>\u6a21\u5757</p>", "user": 1, "created_time": "2019-03-04T01:18:56.228Z", "root": null, "parent": null, "to_user": null}}, {"model": "comment.comment", "pk": 86, "fields": {"content_type": 7, "object_id": 13, "content": "<p>\u662f</p>", "user": 1, "created_time": "2019-03-04T01:22:14.677Z", "root": null, "parent": null, "to_user": null}}, {"model": "comment.comment", "pk": 87, "fields": {"content_type": 7, "object_id": 13, "content": "<p>\u4e86</p>", "user": 1, "created_time": "2019-03-04T01:22:30.518Z", "root": 84, "parent": 84, "to_user": 1}}, {"model": "comment.comment", "pk": 88, "fields": {"content_type": 7, "object_id": 13, "content": "<p>\u7ed9</p>", "user": 1, "created_time": "2019-03-04T01:23:26.300Z", "root": null, "parent": null, "to_user": null}}, {"model": "comment.comment", "pk": 89, "fields": {"content_type": 7, "object_id": 13, "content": "<p>\u53d1\u56de\u590d\u56de\u548c</p>", "user": 1, "created_time": "2019-03-04T01:23:34.735Z", "root": 86, "parent": 86, "to_user": 1}}, {"model": "comment.comment", "pk": 90, "fields": {"content_type": 7, "object_id": 13, "content": "<p>\u53d1</p>", "user": 1, "created_time": "2019-03-04T01:30:47.136Z", "root": null, "parent": null, "to_user": null}}, {"model": "comment.comment", "pk": 91, "fields": {"content_type": 7, "object_id": 13, "content": "<p>\u7b97\u6cd5</p>", "user": 1, "created_time": "2019-03-04T01:30:52.726Z", "root": 88, "parent": 88, "to_user": 1}}, {"model": "comment.comment", "pk": 92, "fields": {"content_type": 7, "object_id": 13, "content": "<p>\u7684</p>", "user": 1, "created_time": "2019-03-04T01:42:45.869Z", "root": 88, "parent": 91, "to_user": 1}}, {"model": "comment.comment", "pk": 93, "fields": {"content_type": 7, "object_id": 13, "content": "<p>\u770b</p>", "user": 1, "created_time": "2019-03-04T01:54:07.172Z", "root": null, "parent": null, "to_user": null}}, {"model": "comment.comment", "pk": 94, "fields": {"content_type": 7, "object_id": 13, "content": "<p>\u770b\u89c4\u8303\u5316</p>", "user": 1, "created_time": "2019-03-04T01:54:14.735Z", "root": 90, "parent": 90, "to_user": 1}}, {"model": "comment.comment", "pk": 95, "fields": {"content_type": 7, "object_id": 13, "content": "<p>\u662f</p>", "user": 1, "created_time": "2019-03-04T01:54:47.922Z", "root": null, "parent": null, "to_user": null}}, {"model": "comment.comment", "pk": 96, "fields": {"content_type": 7, "object_id": 13, "content": "<p>\u5c3c\u739b</p>", "user": 1, "created_time": "2019-03-04T01:54:54.182Z", "root": 95, "parent": 95, "to_user": 1}}, {"model": "comment.comment", "pk": 97, "fields": {"content_type": 7, "object_id": 13, "content": "<p>\u548c\u653e\u8fc7\u673a\u4f1a</p>", "user": 1, "created_time": "2019-03-04T01:58:46.301Z", "root": null, "parent": null, "to_user": null}}, {"model": "comment.comment", "pk": 98, "fields": {"content_type": 7, "object_id": 13, "content": "<p>\u591a\u4e2a</p>", "user": 1, "created_time": "2019-03-04T01:58:51.524Z", "root": 97, "parent": 97, "to_user": 1}}, {"model": "comment.comment", "pk": 99, "fields": {"content_type": 7, "object_id": 13, "content": "<p>\u7684\u98ce\u683c</p>", "user": 1, "created_time": "2019-03-04T01:58:56.199Z", "root": 97, "parent": 97, "to_user": 1}}, {"model": "comment.comment", "pk": 100, "fields": {"content_type": 7, "object_id": 13, "content": "<p>s</p>", "user": 1, "created_time": "2019-03-05T13:28:48.693Z", "root": null, "parent": null, "to_user": null}}, {"model": "comment.comment", "pk": 101, "fields": {"content_type": 7, "object_id": 13, "content": "<p>sad a</p>", "user": 1, "created_time": "2019-03-05T13:28:53.519Z", "root": 100, "parent": 100, "to_user": 1}}, {"model": "comment.comment", "pk": 102, "fields": {"content_type": 7, "object_id": 13, "content": "<p>\u770b</p>", "user": 1, "created_time": "2019-03-06T13:33:02.172Z", "root": null, "parent": null, "to_user": null}}, {"model": "comment.comment", "pk": 103, "fields": {"content_type": 7, "object_id": 13, "content": "<p>\u5730\u6982\u8ff0\u7684</p>", "user": 1, "created_time": "2019-03-06T13:43:52.865Z", "root": null, "parent": null, "to_user": null}}, {"model": "comment.comment", "pk": 104, "fields": {"content_type": 7, "object_id": 13, "content": "<p>\u548c</p>", "user": 1, "created_time": "2019-03-06T13:47:04.740Z", "root": null, "parent": null, "to_user": null}}, {"model": "comment.comment", "pk": 105, "fields": {"content_type": 7, "object_id": 13, "content": "<p>\u4f46\u662f\u901f\u5ea6</p>", "user": 1, "created_time": "2019-03-06T13:48:08.574Z", "root": null, "parent": null, "to_user": null}}, {"model": "comment.comment", "pk": 106, "fields": {"content_type": 7, "object_id": 13, "content": "<p>sdsf</p>", "user": 1, "created_time": "2019-03-30T19:54:38.839Z", "root": 105, "parent": 105, "to_user": 1}}, {"model": "admin.logentry", "pk": 1, "fields": {"action_time": "2019-01-31T10:47:38.281Z", "user": 1, "content_type": 8, "object_id": "1", "object_repr": "python", "action_flag": 1, "change_message": "[{\"added\": {}}]"}}, {"model": "admin.logentry", "pk": 2, "fields": {"action_time": "2019-01-31T10:48:15.841Z", "user": 1, "content_type": 7, "object_id": "1", "object_repr": "<Blog:\u7b2c\u4e00\u7bc7\u535a\u5ba2>", "action_flag": 1, "change_message": "[{\"added\": {}}]"}}, {"model": "admin.logentry", "pk": 3, "fields": {"action_time": "2019-01-31T11:54:27.968Z", "user": 1, "content_type": 7, "object_id": "2", "object_repr": "<Blog:\u7b2c\u4e8c\u7bc7\u535a\u5ba2>", "action_flag": 1, "change_message": "[{\"added\": {}}]"}}, {"model": "admin.logentry", "pk": 4, "fields": {"action_time": "2019-01-31T12:08:47.335Z", "user": 1, "content_type": 7, "object_id": "2", "object_repr": "<Blog:\u7b2c\u4e8c\u7bc7\u535a\u5ba2>", "action_flag": 3, "change_message": ""}}, {"model": "admin.logentry", "pk": 5, "fields": {"action_time": "2019-01-31T12:08:47.482Z", "user": 1, "content_type": 7, "object_id": "1", "object_repr": "<Blog:\u7b2c\u4e00\u7bc7\u535a\u5ba2>", "action_flag": 3, "change_message": ""}}, {"model": "admin.logentry", "pk": 6, "fields": {"action_time": "2019-01-31T12:11:57.567Z", "user": 1, "content_type": 7, "object_id": "3", "object_repr": "<Blog:\u7b2c\u4e00\u7bc7\u535a\u5ba2>", "action_flag": 1, "change_message": "[{\"added\": {}}]"}}, {"model": "admin.logentry", "pk": 7, "fields": {"action_time": "2019-02-03T03:04:37.252Z", "user": 1, "content_type": 8, "object_id": "2", "object_repr": "\u6bd2\u9e21\u6c64", "action_flag": 1, "change_message": "[{\"added\": {}}]"}}, {"model": "admin.logentry", "pk": 8, "fields": {"action_time": "2019-02-03T03:04:55.346Z", "user": 1, "content_type": 7, "object_id": "4", "object_repr": "<Blog:\u7b2c\u4e8c\u7bc7\u535a\u5ba2>", "action_flag": 1, "change_message": "[{\"added\": {}}]"}}, {"model": "admin.logentry", "pk": 9, "fields": {"action_time": "2019-02-03T13:45:35.092Z", "user": 1, "content_type": 7, "object_id": "5", "object_repr": "<Blog:3>", "action_flag": 1, "change_message": "[{\"added\": {}}]"}}, {"model": "admin.logentry", "pk": 10, "fields": {"action_time": "2019-02-03T13:45:47.477Z", "user": 1, "content_type": 7, "object_id": "6", "object_repr": "<Blog:4>", "action_flag": 1, "change_message": "[{\"added\": {}}]"}}, {"model": "admin.logentry", "pk": 11, "fields": {"action_time": "2019-02-03T13:45:54.593Z", "user": 1, "content_type": 7, "object_id": "7", "object_repr": "<Blog:5>", "action_flag": 1, "change_message": "[{\"added\": {}}]"}}, {"model": "admin.logentry", "pk": 12, "fields": {"action_time": "2019-02-03T13:45:59.902Z", "user": 1, "content_type": 7, "object_id": "8", "object_repr": "<Blog:6>", "action_flag": 1, "change_message": "[{\"added\": {}}]"}}, {"model": "admin.logentry", "pk": 13, "fields": {"action_time": "2019-02-03T13:46:07.286Z", "user": 1, "content_type": 7, "object_id": "9", "object_repr": "<Blog:7>", "action_flag": 1, "change_message": "[{\"added\": {}}]"}}, {"model": "admin.logentry", "pk": 14, "fields": {"action_time": "2019-02-03T13:46:13.414Z", "user": 1, "content_type": 7, "object_id": "10", "object_repr": "<Blog:8>", "action_flag": 1, "change_message": "[{\"added\": {}}]"}}, {"model": "admin.logentry", "pk": 15, "fields": {"action_time": "2019-02-03T13:46:18.404Z", "user": 1, "content_type": 7, "object_id": "11", "object_repr": "<Blog:9>", "action_flag": 1, "change_message": "[{\"added\": {}}]"}}, {"model": "admin.logentry", "pk": 16, "fields": {"action_time": "2019-02-03T13:46:24.311Z", "user": 1, "content_type": 7, "object_id": "12", "object_repr": "<Blog:10>", "action_flag": 1, "change_message": "[{\"added\": {}}]"}}, {"model": "admin.logentry", "pk": 17, "fields": {"action_time": "2019-02-03T13:46:30.692Z", "user": 1, "content_type": 7, "object_id": "13", "object_repr": "<Blog:11>", "action_flag": 1, "change_message": "[{\"added\": {}}]"}}, {"model": "admin.logentry", "pk": 18, "fields": {"action_time": "2019-02-11T03:56:24.893Z", "user": 1, "content_type": 7, "object_id": "3", "object_repr": "<Blog:\u7b2c\u4e00\u7bc7\u535a\u5ba2>", "action_flag": 2, "change_message": "[{\"changed\": {\"fields\": [\"content\"]}}]"}}, {"model": "admin.logentry", "pk": 19, "fields": {"action_time": "2019-02-11T04:37:34.058Z", "user": 1, "content_type": 7, "object_id": "4", "object_repr": "<Blog:\u7b2c\u4e8c\u7bc7\u535a\u5ba2>", "action_flag": 2, "change_message": "[{\"changed\": {\"fields\": [\"content\"]}}]"}}, {"model": "admin.logentry", "pk": 20, "fields": {"action_time": "2019-02-11T04:58:22.283Z", "user": 1, "content_type": 7, "object_id": "4", "object_repr": "<Blog:\u7b2c\u4e8c\u7bc7\u535a\u5ba2>", "action_flag": 2, "change_message": "[{\"changed\": {\"fields\": [\"content\"]}}]"}}, {"model": "admin.logentry", "pk": 21, "fields": {"action_time": "2019-02-11T10:44:55.760Z", "user": 1, "content_type": 7, "object_id": "4", "object_repr": "<Blog:\u7b2c\u4e8c\u7bc7\u535a\u5ba2>", "action_flag": 2, "change_message": "[{\"changed\": {\"fields\": [\"content\"]}}]"}}, {"model": "admin.logentry", "pk": 22, "fields": {"action_time": "2019-02-14T02:26:01.710Z", "user": 1, "content_type": 9, "object_id": "1", "object_repr": "ReadNum object (1)", "action_flag": 1, "change_message": "[{\"added\": {}}]"}}, {"model": "admin.logentry", "pk": 23, "fields": {"action_time": "2019-02-14T04:31:05.659Z", "user": 1, "content_type": 9, "object_id": "5", "object_repr": "ReadNum object (5)", "action_flag": 1, "change_message": "[{\"added\": {}}]"}}, {"model": "admin.logentry", "pk": 24, "fields": {"action_time": "2019-02-14T04:32:39.344Z", "user": 1, "content_type": 9, "object_id": "1", "object_repr": "ReadNum object (1)", "action_flag": 3, "change_message": ""}}, {"model": "admin.logentry", "pk": 25, "fields": {"action_time": "2019-02-14T04:33:34.290Z", "user": 1, "content_type": 9, "object_id": "5", "object_repr": "ReadNum object (5)", "action_flag": 2, "change_message": "[{\"changed\": {\"fields\": [\"read_num\"]}}]"}}, {"model": "admin.logentry", "pk": 26, "fields": {"action_time": "2019-02-17T08:31:48.260Z", "user": 1, "content_type": 9, "object_id": "6", "object_repr": "ReadNum object (6)", "action_flag": 3, "change_message": ""}}, {"model": "admin.logentry", "pk": 27, "fields": {"action_time": "2019-02-17T08:32:43.296Z", "user": 1, "content_type": 9, "object_id": "8", "object_repr": "ReadNum object (8)", "action_flag": 3, "change_message": ""}}, {"model": "admin.logentry", "pk": 28, "fields": {"action_time": "2019-02-17T08:32:43.446Z", "user": 1, "content_type": 9, "object_id": "7", "object_repr": "ReadNum object (7)", "action_flag": 3, "change_message": ""}}, {"model": "admin.logentry", "pk": 29, "fields": {"action_time": "2019-02-17T08:32:43.538Z", "user": 1, "content_type": 9, "object_id": "5", "object_repr": "ReadNum object (5)", "action_flag": 3, "change_message": ""}}, {"model": "admin.logentry", "pk": 30, "fields": {"action_time": "2019-02-17T08:32:43.638Z", "user": 1, "content_type": 9, "object_id": "4", "object_repr": "ReadNum object (4)", "action_flag": 3, "change_message": ""}}, {"model": "admin.logentry", "pk": 31, "fields": {"action_time": "2019-02-17T08:32:43.738Z", "user": 1, "content_type": 9, "object_id": "3", "object_repr": "ReadNum object (3)", "action_flag": 3, "change_message": ""}}, {"model": "admin.logentry", "pk": 32, "fields": {"action_time": "2019-02-17T08:32:43.848Z", "user": 1, "content_type": 9, "object_id": "2", "object_repr": "ReadNum object (2)", "action_flag": 3, "change_message": ""}}, {"model": "admin.logentry", "pk": 33, "fields": {"action_time": "2019-02-17T08:33:07.717Z", "user": 1, "content_type": 9, "object_id": "12", "object_repr": "ReadNum object (12)", "action_flag": 3, "change_message": ""}}, {"model": "admin.logentry", "pk": 34, "fields": {"action_time": "2019-02-17T08:33:07.840Z", "user": 1, "content_type": 9, "object_id": "11", "object_repr": "ReadNum object (11)", "action_flag": 3, "change_message": ""}}, {"model": "admin.logentry", "pk": 35, "fields": {"action_time": "2019-02-17T08:33:07.940Z", "user": 1, "content_type": 9, "object_id": "10", "object_repr": "ReadNum object (10)", "action_flag": 3, "change_message": ""}}, {"model": "admin.logentry", "pk": 36, "fields": {"action_time": "2019-02-17T08:33:08.041Z", "user": 1, "content_type": 9, "object_id": "9", "object_repr": "ReadNum object (9)", "action_flag": 3, "change_message": ""}}, {"model": "admin.logentry", "pk": 37, "fields": {"action_time": "2019-02-24T13:33:35.690Z", "user": 1, "content_type": 11, "object_id": "2", "object_repr": "Comment object (2)", "action_flag": 3, "change_message": ""}}, {"model": "admin.logentry", "pk": 38, "fields": {"action_time": "2019-02-27T03:30:24.776Z", "user": 1, "content_type": 4, "object_id": "4", "object_repr": "kkkkkkk", "action_flag": 3, "change_message": ""}}, {"model": "admin.logentry", "pk": 39, "fields": {"action_time": "2019-02-27T03:30:24.838Z", "user": 1, "content_type": 4, "object_id": "3", "object_repr": "kkkkkkkk", "action_flag": 3, "change_message": ""}}, {"model": "admin.logentry", "pk": 40, "fields": {"action_time": "2019-02-27T03:30:45.070Z", "user": 1, "content_type": 11, "object_id": "10", "object_repr": "Comment object (10)", "action_flag": 3, "change_message": ""}}, {"model": "admin.logentry", "pk": 41, "fields": {"action_time": "2019-02-27T03:30:53.584Z", "user": 1, "content_type": 4, "object_id": "4", "object_repr": "kkkkkkk", "action_flag": 3, "change_message": ""}}, {"model": "admin.logentry", "pk": 42, "fields": {"action_time": "2019-02-27T03:30:53.651Z", "user": 1, "content_type": 4, "object_id": "3", "object_repr": "kkkkkkkk", "action_flag": 3, "change_message": ""}}, {"model": "admin.logentry", "pk": 43, "fields": {"action_time": "2019-03-03T03:37:01.740Z", "user": 1, "content_type": 11, "object_id": "71", "object_repr": "[Blog:11](13):\u8fd9\u662f\u6062\u590d\u8bc4\u8bba\u7684\u8bc4\u8bba", "action_flag": 1, "change_message": "[{\"added\": {}}]"}}, {"model": "admin.logentry", "pk": 44, "fields": {"action_time": "2019-03-03T05:04:06.231Z", "user": 1, "content_type": 11, "object_id": "71", "object_repr": "[Blog:11](13):\u8fd9\u662f\u6062\u590d\u8bc4\u8bba\u7684\u8bc4\u8bba", "action_flag": 2, "change_message": "[{\"changed\": {\"fields\": [\"root\", \"to_user\"]}}]"}}, {"model": "admin.logentry", "pk": 45, "fields": {"action_time": "2019-03-03T05:07:51.624Z", "user": 1, "content_type": 11, "object_id": "71", "object_repr": "[Blog:11](13):\u8fd9\u662f\u6062\u590d\u8bc4\u8bba\u7684\u8bc4\u8bba", "action_flag": 2, "change_message": "[]"}}, {"model": "admin.logentry", "pk": 46, "fields": {"action_time": "2019-03-03T05:08:23.200Z", "user": 1, "content_type": 11, "object_id": "72", "object_repr": "[Blog:11](13):\u8fd9\u662f\u56de\u590d\u8bc4\u8bba\u7684\u8bc4\u8bba\u7684\u56de\u590d", "action_flag": 1, "change_message": "[{\"added\": {}}]"}}, {"model": "admin.logentry", "pk": 47, "fields": {"action_time": "2019-03-03T05:27:31.163Z", "user": 1, "content_type": 11, "object_id": "72", "object_repr": "[Blog:11](13):\u8fd9\u662f\u56de\u590d\u8bc4\u8bba\u7684\u8bc4\u8bba\u7684\u56de\u590d", "action_flag": 2, "change_message": "[]"}}, {"model": "admin.logentry", "pk": 48, "fields": {"action_time": "2019-03-03T05:28:01.331Z", "user": 1, "content_type": 11, "object_id": "73", "object_repr": "[Blog:11](13):\u7b2c\u4e09\u6b21\u56de\u590d", "action_flag": 1, "change_message": "[{\"added\": {}}]"}}, {"model": "admin.logentry", "pk": 49, "fields": {"action_time": "2019-03-04T01:11:47.622Z", "user": 1, "content_type": 11, "object_id": "1", "object_repr": "[Blog:11](13):\u7684\u628a\u63a7", "action_flag": 3, "change_message": ""}}, {"model": "admin.logentry", "pk": 50, "fields": {"action_time": "2019-03-04T01:11:47.679Z", "user": 1, "content_type": 11, "object_id": "3", "object_repr": "[Blog:11](13):\u6ca1\u51e0\u5e74\u7684", "action_flag": 3, "change_message": ""}}, {"model": "admin.logentry", "pk": 51, "fields": {"action_time": "2019-03-04T01:11:47.717Z", "user": 1, "content_type": 11, "object_id": "4", "object_repr": "[Blog:11](13):\u6211\u662fcp", "action_flag": 3, "change_message": ""}}, {"model": "admin.logentry", "pk": 52, "fields": {"action_time": "2019-03-04T01:11:47.757Z", "user": 1, "content_type": 11, "object_id": "5", "object_repr": "[Blog:11](13):dijhaskjd n\r\nsdlsjjfj\r\nkf", "action_flag": 3, "change_message": ""}}, {"model": "admin.logentry", "pk": 53, "fields": {"action_time": "2019-03-04T01:11:47.795Z", "user": 1, "content_type": 11, "object_id": "6", "object_repr": "[Blog:11](13):sdj\\n\r\nshjdk", "action_flag": 3, "change_message": ""}}, {"model": "admin.logentry", "pk": 54, "fields": {"action_time": "2019-03-04T01:11:47.834Z", "user": 1, "content_type": 11, "object_id": "7", "object_repr": "[Blog:10](12):jjj", "action_flag": 3, "change_message": ""}}, {"model": "admin.logentry", "pk": 55, "fields": {"action_time": "2019-03-04T01:11:47.873Z", "user": 1, "content_type": 11, "object_id": "8", "object_repr": "[Blog:11](13):kkkk", "action_flag": 3, "change_message": ""}}, {"model": "admin.logentry", "pk": 56, "fields": {"action_time": "2019-03-04T01:11:47.912Z", "user": 1, "content_type": 11, "object_id": "9", "object_repr": "[Blog:10](12):jh ", "action_flag": 3, "change_message": ""}}, {"model": "admin.logentry", "pk": 57, "fields": {"action_time": "2019-03-04T01:11:47.987Z", "user": 1, "content_type": 11, "object_id": "11", "object_repr": "[Blog:11](13):\u901f\u51bb", "action_flag": 3, "change_message": ""}}, {"model": "admin.logentry", "pk": 58, "fields": {"action_time": "2019-03-04T01:11:48.050Z", "user": 1, "content_type": 11, "object_id": "12", "object_repr": "[Blog:10](12):h ", "action_flag": 3, "change_message": ""}}, {"model": "admin.logentry", "pk": 59, "fields": {"action_time": "2019-03-04T01:11:48.098Z", "user": 1, "content_type": 11, "object_id": "13", "object_repr": "[Blog:10](12):;lk", "action_flag": 3, "change_message": ""}}, {"model": "admin.logentry", "pk": 60, "fields": {"action_time": "2019-03-04T01:11:48.144Z", "user": 1, "content_type": 11, "object_id": "14", "object_repr": "[Blog:10](12):h", "action_flag": 3, "change_message": ""}}, {"model": "admin.logentry", "pk": 61, "fields": {"action_time": "2019-03-04T01:11:48.192Z", "user": 1, "content_type": 11, "object_id": "15", "object_repr": "[Blog:6](8):<p><img alt=\"blush\" height=\"23\" src=\"http://127.0.0.1:8000/static/ckeditor/ckeditor/plugins/smiley/images/embarrassed_smile.png\" title=\"blush\" width=\"23\" /></p>", "action_flag": 3, "change_message": ""}}, {"model": "admin.logentry", "pk": 62, "fields": {"action_time": "2019-03-04T01:11:48.240Z", "user": 1, "content_type": 11, "object_id": "16", "object_repr": "[Blog:6](8):<p>23232</p>", "action_flag": 3, "change_message": ""}}, {"model": "admin.logentry", "pk": 63, "fields": {"action_time": "2019-03-04T01:11:48.288Z", "user": 1, "content_type": 11, "object_id": "17", "object_repr": "[Blog:6](8):<p>1221435</p>", "action_flag": 3, "change_message": ""}}, {"model": "admin.logentry", "pk": 64, "fields": {"action_time": "2019-03-04T01:11:48.337Z", "user": 1, "content_type": 11, "object_id": "18", "object_repr": "[Blog:11](13):<p>\u4f60\u8fd8</p>", "action_flag": 3, "change_message": ""}}, {"model": "admin.logentry", "pk": 65, "fields": {"action_time": "2019-03-04T01:11:48.384Z", "user": 1, "content_type": 11, "object_id": "19", "object_repr": "[Blog:11](13):<p>\u4f60\u8fd8</p>", "action_flag": 3, "change_message": ""}}, {"model": "admin.logentry", "pk": 66, "fields": {"action_time": "2019-03-04T01:11:48.432Z", "user": 1, "content_type": 11, "object_id": "20", "object_repr": "[Blog:11](13):<p>\u4f60\u8fd8</p>", "action_flag": 3, "change_message": ""}}, {"model": "admin.logentry", "pk": 67, "fields": {"action_time": "2019-03-04T01:11:48.478Z", "user": 1, "content_type": 11, "object_id": "21", "object_repr": "[Blog:11](13):<p>\u4f60\u8fd8</p>", "action_flag": 3, "change_message": ""}}, {"model": "admin.logentry", "pk": 68, "fields": {"action_time": "2019-03-04T01:11:48.526Z", "user": 1, "content_type": 11, "object_id": "22", "object_repr": "[Blog:11](13):<p>\u5c31</p>", "action_flag": 3, "change_message": ""}}, {"model": "admin.logentry", "pk": 69, "fields": {"action_time": "2019-03-04T01:11:48.573Z", "user": 1, "content_type": 11, "object_id": "23", "object_repr": "[Blog:11](13):<p>\u5c31</p>", "action_flag": 3, "change_message": ""}}, {"model": "admin.logentry", "pk": 70, "fields": {"action_time": "2019-03-04T01:11:48.621Z", "user": 1, "content_type": 11, "object_id": "24", "object_repr": "[Blog:11](13):<p>\u4e00\u6b21</p>", "action_flag": 3, "change_message": ""}}, {"model": "admin.logentry", "pk": 71, "fields": {"action_time": "2019-03-04T01:11:48.668Z", "user": 1, "content_type": 11, "object_id": "25", "object_repr": "[Blog:11](13):<p>\u4e00\u6b21</p>", "action_flag": 3, "change_message": ""}}, {"model": "admin.logentry", "pk": 72, "fields": {"action_time": "2019-03-04T01:11:48.717Z", "user": 1, "content_type": 11, "object_id": "26", "object_repr": "[Blog:11](13):<p>9990</p>", "action_flag": 3, "change_message": ""}}, {"model": "admin.logentry", "pk": 73, "fields": {"action_time": "2019-03-04T01:11:48.763Z", "user": 1, "content_type": 11, "object_id": "27", "object_repr": "[Blog:11](13):<p>9990</p>", "action_flag": 3, "change_message": ""}}, {"model": "admin.logentry", "pk": 74, "fields": {"action_time": "2019-03-04T01:11:48.811Z", "user": 1, "content_type": 11, "object_id": "28", "object_repr": "[Blog:11](13):<p>\u5478\u5478\u5478</p>", "action_flag": 3, "change_message": ""}}, {"model": "admin.logentry", "pk": 75, "fields": {"action_time": "2019-03-04T01:11:48.858Z", "user": 1, "content_type": 11, "object_id": "29", "object_repr": "[Blog:10](12):<p>\u770b</p>", "action_flag": 3, "change_message": ""}}, {"model": "admin.logentry", "pk": 76, "fields": {"action_time": "2019-03-04T01:11:48.905Z", "user": 1, "content_type": 11, "object_id": "30", "object_repr": "[Blog:10](12):<p>\u770b</p>", "action_flag": 3, "change_message": ""}}, {"model": "admin.logentry", "pk": 77, "fields": {"action_time": "2019-03-04T01:11:48.951Z", "user": 1, "content_type": 11, "object_id": "31", "object_repr": "[Blog:11](13):<p>\uff1b&lsquo;</p>", "action_flag": 3, "change_message": ""}}, {"model": "admin.logentry", "pk": 78, "fields": {"action_time": "2019-03-04T01:11:48.998Z", "user": 1, "content_type": 11, "object_id": "32", "object_repr": "[Blog:11](13):<p>\u5c31</p>", "action_flag": 3, "change_message": ""}}, {"model": "admin.logentry", "pk": 79, "fields": {"action_time": "2019-03-04T01:11:49.037Z", "user": 1, "content_type": 11, "object_id": "33", "object_repr": "[Blog:11](13):<p>l</p>", "action_flag": 3, "change_message": ""}}, {"model": "admin.logentry", "pk": 80, "fields": {"action_time": "2019-03-04T01:11:49.076Z", "user": 1, "content_type": 11, "object_id": "34", "object_repr": "[Blog:11](13):<p>l</p>", "action_flag": 3, "change_message": ""}}, {"model": "admin.logentry", "pk": 81, "fields": {"action_time": "2019-03-04T01:11:49.116Z", "user": 1, "content_type": 11, "object_id": "35", "object_repr": "[Blog:11](13):<p>\u6846\u67b6</p>", "action_flag": 3, "change_message": ""}}, {"model": "admin.logentry", "pk": 82, "fields": {"action_time": "2019-03-04T01:11:49.154Z", "user": 1, "content_type": 11, "object_id": "36", "object_repr": "[Blog:11](13):<p>\u6846\u67b6</p>", "action_flag": 3, "change_message": ""}}, {"model": "admin.logentry", "pk": 83, "fields": {"action_time": "2019-03-04T01:11:49.194Z", "user": 1, "content_type": 11, "object_id": "37", "object_repr": "[Blog:10](12):<p>\u56de\u6eda</p>", "action_flag": 3, "change_message": ""}}, {"model": "admin.logentry", "pk": 84, "fields": {"action_time": "2019-03-04T01:11:49.232Z", "user": 1, "content_type": 11, "object_id": "38", "object_repr": "[Blog:10](12):<p>1</p>", "action_flag": 3, "change_message": ""}}, {"model": "admin.logentry", "pk": 85, "fields": {"action_time": "2019-03-04T01:11:49.272Z", "user": 1, "content_type": 11, "object_id": "39", "object_repr": "[Blog:10](12):<p>1</p>", "action_flag": 3, "change_message": ""}}, {"model": "admin.logentry", "pk": 86, "fields": {"action_time": "2019-03-04T01:11:49.310Z", "user": 1, "content_type": 11, "object_id": "40", "object_repr": "[Blog:10](12):<p>2</p>", "action_flag": 3, "change_message": ""}}, {"model": "admin.logentry", "pk": 87, "fields": {"action_time": "2019-03-04T01:11:49.350Z", "user": 1, "content_type": 11, "object_id": "41", "object_repr": "[Blog:10](12):<p>\u6b27\u9526</p>", "action_flag": 3, "change_message": ""}}, {"model": "admin.logentry", "pk": 88, "fields": {"action_time": "2019-03-04T01:11:49.388Z", "user": 1, "content_type": 11, "object_id": "42", "object_repr": "[Blog:10](12):<p>\u6b27\u9526</p>", "action_flag": 3, "change_message": ""}}, {"model": "admin.logentry", "pk": 89, "fields": {"action_time": "2019-03-04T01:11:49.436Z", "user": 1, "content_type": 11, "object_id": "43", "object_repr": "[Blog:10](12):<p>\u6b27\u9526\u4e00\u6761\u5c31</p>", "action_flag": 3, "change_message": ""}}, {"model": "admin.logentry", "pk": 90, "fields": {"action_time": "2019-03-04T01:11:49.475Z", "user": 1, "content_type": 11, "object_id": "44", "object_repr": "[Blog:10](12):<p>123</p>", "action_flag": 3, "change_message": ""}}, {"model": "admin.logentry", "pk": 91, "fields": {"action_time": "2019-03-04T01:11:49.522Z", "user": 1, "content_type": 11, "object_id": "45", "object_repr": "[Blog:10](12):<p>123</p>", "action_flag": 3, "change_message": ""}}, {"model": "admin.logentry", "pk": 92, "fields": {"action_time": "2019-03-04T01:11:49.570Z", "user": 1, "content_type": 11, "object_id": "46", "object_repr": "[Blog:10](12):<p>44</p>", "action_flag": 3, "change_message": ""}}, {"model": "admin.logentry", "pk": 93, "fields": {"action_time": "2019-03-04T01:11:49.616Z", "user": 1, "content_type": 11, "object_id": "47", "object_repr": "[Blog:10](12):<p>\u548c</p>", "action_flag": 3, "change_message": ""}}, {"model": "admin.logentry", "pk": 94, "fields": {"action_time": "2019-03-04T01:11:49.665Z", "user": 1, "content_type": 11, "object_id": "48", "object_repr": "[Blog:10](12):<p>\u5730\u65b9</p>", "action_flag": 3, "change_message": ""}}, {"model": "admin.logentry", "pk": 95, "fields": {"action_time": "2019-03-04T01:11:49.704Z", "user": 1, "content_type": 11, "object_id": "49", "object_repr": "[Blog:10](12):<p>\u5730\u65b9</p>", "action_flag": 3, "change_message": ""}}, {"model": "admin.logentry", "pk": 96, "fields": {"action_time": "2019-03-04T01:11:49.754Z", "user": 1, "content_type": 11, "object_id": "50", "object_repr": "[Blog:10](12):<p>\u5730\u65b9\u548c</p>", "action_flag": 3, "change_message": ""}}, {"model": "admin.logentry", "pk": 97, "fields": {"action_time": "2019-03-04T01:11:49.801Z", "user": 1, "content_type": 11, "object_id": "51", "object_repr": "[Blog:10](12):<p>\u548c\u5730\u65b9</p>", "action_flag": 3, "change_message": ""}}, {"model": "admin.logentry", "pk": 98, "fields": {"action_time": "2019-03-04T01:11:49.848Z", "user": 1, "content_type": 11, "object_id": "52", "object_repr": "[Blog:10](12):<p>\u548c\u5730\u65b9</p>", "action_flag": 3, "change_message": ""}}, {"model": "admin.logentry", "pk": 99, "fields": {"action_time": "2019-03-04T01:11:49.895Z", "user": 1, "content_type": 11, "object_id": "53", "object_repr": "[Blog:10](12):<p>\u7a7a\u95f4\u7684</p>", "action_flag": 3, "change_message": ""}}, {"model": "admin.logentry", "pk": 100, "fields": {"action_time": "2019-03-04T01:11:49.943Z", "user": 1, "content_type": 11, "object_id": "54", "object_repr": "[Blog:10](12):<p>\u5730\u65b9\u5e7f\u4e1c\u5bcc\u8c6a</p>", "action_flag": 3, "change_message": ""}}, {"model": "admin.logentry", "pk": 101, "fields": {"action_time": "2019-03-04T01:11:49.991Z", "user": 1, "content_type": 11, "object_id": "55", "object_repr": "[Blog:10](12):<p>sd</p>", "action_flag": 3, "change_message": ""}}, {"model": "admin.logentry", "pk": 102, "fields": {"action_time": "2019-03-04T01:11:50.037Z", "user": 1, "content_type": 11, "object_id": "56", "object_repr": "[Blog:10](12):<p>sd</p>", "action_flag": 3, "change_message": ""}}, {"model": "admin.logentry", "pk": 103, "fields": {"action_time": "2019-03-04T01:11:50.085Z", "user": 1, "content_type": 11, "object_id": "57", "object_repr": "[Blog:10](12):<p>dajihao</p>", "action_flag": 3, "change_message": ""}}, {"model": "admin.logentry", "pk": 104, "fields": {"action_time": "2019-03-04T01:11:50.132Z", "user": 1, "content_type": 11, "object_id": "58", "object_repr": "[Blog:10](12):<p>\u54c8\u54c8\u54c8\u54c8</p>", "action_flag": 3, "change_message": ""}}, {"model": "admin.logentry", "pk": 105, "fields": {"action_time": "2019-03-04T01:11:50.180Z", "user": 1, "content_type": 11, "object_id": "59", "object_repr": "[Blog:10](12):<p>\u5b98\u65b9</p>", "action_flag": 3, "change_message": ""}}, {"model": "admin.logentry", "pk": 106, "fields": {"action_time": "2019-03-04T01:11:50.227Z", "user": 1, "content_type": 11, "object_id": "60", "object_repr": "[Blog:10](12):<p>\u5b98\u65b9</p>", "action_flag": 3, "change_message": ""}}, {"model": "admin.logentry", "pk": 107, "fields": {"action_time": "2019-03-04T01:11:50.275Z", "user": 1, "content_type": 11, "object_id": "61", "object_repr": "[Blog:10](12):<p>\u4f46\u662f</p>", "action_flag": 3, "change_message": ""}}, {"model": "admin.logentry", "pk": 108, "fields": {"action_time": "2019-03-04T01:11:50.350Z", "user": 1, "content_type": 11, "object_id": "62", "object_repr": "[Blog:10](12):<p>\u662f\u7684</p>", "action_flag": 3, "change_message": ""}}, {"model": "admin.logentry", "pk": 109, "fields": {"action_time": "2019-03-04T01:11:50.456Z", "user": 1, "content_type": 11, "object_id": "63", "object_repr": "[Blog:10](12):<p>\u54e6\u8c41</p>", "action_flag": 3, "change_message": ""}}, {"model": "admin.logentry", "pk": 110, "fields": {"action_time": "2019-03-04T01:11:50.522Z", "user": 1, "content_type": 11, "object_id": "64", "object_repr": "[Blog:10](12):<p>\u9ad8\u623f\u4ef7\u8986\u76d6</p>", "action_flag": 3, "change_message": ""}}, {"model": "admin.logentry", "pk": 111, "fields": {"action_time": "2019-03-04T01:11:50.560Z", "user": 1, "content_type": 11, "object_id": "65", "object_repr": "[Blog:10](12):<p>\u8986\u76d6\u53d1\u7684</p>", "action_flag": 3, "change_message": ""}}, {"model": "admin.logentry", "pk": 112, "fields": {"action_time": "2019-03-04T01:11:50.599Z", "user": 1, "content_type": 11, "object_id": "66", "object_repr": "[Blog:10](12):<p>\u4f60\u662f\u771f\u725b\u903c</p>", "action_flag": 3, "change_message": ""}}, {"model": "admin.logentry", "pk": 113, "fields": {"action_time": "2019-03-04T01:11:50.639Z", "user": 1, "content_type": 11, "object_id": "67", "object_repr": "[Blog:10](12):<p>\u662f\u7684\u963f\u8428\u662f</p>", "action_flag": 3, "change_message": ""}}, {"model": "admin.logentry", "pk": 114, "fields": {"action_time": "2019-03-04T01:11:50.677Z", "user": 1, "content_type": 11, "object_id": "68", "object_repr": "[Blog:10](12):<p>\u8986\u76d6</p>", "action_flag": 3, "change_message": ""}}, {"model": "admin.logentry", "pk": 115, "fields": {"action_time": "2019-03-04T01:11:50.717Z", "user": 1, "content_type": 11, "object_id": "69", "object_repr": "[Blog:11](13):<p>\u8fd9\u662f\u4e00\u4e2a\u6d4b\u8bd5</p>", "action_flag": 3, "change_message": ""}}, {"model": "admin.logentry", "pk": 116, "fields": {"action_time": "2019-03-04T01:11:50.756Z", "user": 1, "content_type": 11, "object_id": "70", "object_repr": "[Blog:7](9):<p>\u6846\u67b6</p>", "action_flag": 3, "change_message": ""}}, {"model": "admin.logentry", "pk": 117, "fields": {"action_time": "2019-03-04T01:11:50.795Z", "user": 1, "content_type": 11, "object_id": "71", "object_repr": "[Blog:11](13):\u8fd9\u662f\u6062\u590d\u8bc4\u8bba\u7684\u8bc4\u8bba", "action_flag": 3, "change_message": ""}}, {"model": "admin.logentry", "pk": 118, "fields": {"action_time": "2019-03-04T01:11:50.836Z", "user": 1, "content_type": 11, "object_id": "72", "object_repr": "[Blog:11](13):\u8fd9\u662f\u56de\u590d\u8bc4\u8bba\u7684\u8bc4\u8bba\u7684\u56de\u590d", "action_flag": 3, "change_message": ""}}, {"model": "admin.logentry", "pk": 119, "fields": {"action_time": "2019-03-04T01:11:50.883Z", "user": 1, "content_type": 11, "object_id": "73", "object_repr": "[Blog:11](13):\u7b2c\u4e09\u6b21\u56de\u590d", "action_flag": 3, "change_message": ""}}, {"model": "admin.logentry", "pk": 120, "fields": {"action_time": "2019-03-04T01:11:50.930Z", "user": 1, "content_type": 11, "object_id": "74", "object_repr": "[Blog:11](13):<p>\u56de\u590d\u6846\u67b6\u7684\u5185\u5bb9</p>", "action_flag": 3, "change_message": ""}}, {"model": "admin.logentry", "pk": 121, "fields": {"action_time": "2019-03-04T01:11:50.978Z", "user": 1, "content_type": 11, "object_id": "75", "object_repr": "[Blog:11](13):<p>\u5927\u82cf\u6253</p>", "action_flag": 3, "change_message": ""}}, {"model": "admin.logentry", "pk": 122, "fields": {"action_time": "2019-03-04T01:11:51.024Z", "user": 1, "content_type": 11, "object_id": "76", "object_repr": "[Blog:11](13):<p>\u7b2c\u516d\u6761\u56de\u590d</p>", "action_flag": 3, "change_message": ""}}, {"model": "admin.logentry", "pk": 123, "fields": {"action_time": "2019-03-04T01:11:51.072Z", "user": 1, "content_type": 11, "object_id": "77", "object_repr": "[Blog:11](13):<p>\u8bbe\u5b9a</p>", "action_flag": 3, "change_message": ""}}, {"model": "admin.logentry", "pk": 124, "fields": {"action_time": "2019-03-04T01:11:51.118Z", "user": 1, "content_type": 11, "object_id": "78", "object_repr": "[Blog:11](13):<p>\u4e0d\u77e5\u9053\u7b2c\u51e0\u6761\u56de\u590d</p>", "action_flag": 3, "change_message": ""}}, {"model": "admin.logentry", "pk": 125, "fields": {"action_time": "2019-03-04T01:11:51.165Z", "user": 1, "content_type": 11, "object_id": "79", "object_repr": "[Blog:11](13):<p>\u58eb\u5927\u592b\u963f\u4e09</p>", "action_flag": 3, "change_message": ""}}, {"model": "admin.logentry", "pk": 126, "fields": {"action_time": "2019-03-04T01:11:51.215Z", "user": 1, "content_type": 11, "object_id": "80", "object_repr": "[Blog:11](13):<p>\u5373\u53ef\u3002\u514b\u9686\u8003\u8651</p>", "action_flag": 3, "change_message": ""}}, {"model": "admin.logentry", "pk": 127, "fields": {"action_time": "2019-03-04T01:11:51.262Z", "user": 1, "content_type": 11, "object_id": "81", "object_repr": "[Blog:11](13):<p>\u7b97\u6cd5\u53d1</p>", "action_flag": 3, "change_message": ""}}]